{"mean":{"confidence_interval":{"confidence_level":0.95,"lower_bound":0.01042833658885535,"upper_bound":0.04522776005805318},"point_estimate":0.02757216807602747,"standard_error":0.008992409932075207},"median":{"confidence_interval":{"confidence_level":0.95,"lower_bound":0.0031663817302876487,"upper_bound":0.005924680984615627},"point_estimate":0.0046130039054343985,"standard_error":0.0006879512176912925}}