{"mean":{"confidence_interval":{"confidence_level":0.95,"lower_bound":-0.0034186103971563186,"upper_bound":0.0019850201143660094},"point_estimate":-0.0008883124757392835,"standard_error":0.0013807373251512299},"median":{"confidence_interval":{"confidence_level":0.95,"lower_bound":-0.0017601074886495205,"upper_bound":0.0006433041234301662},"point_estimate":-0.0003079749434844459,"standard_error":0.0006324751264842482}}