{"mean":{"confidence_interval":{"confidence_level":0.95,"lower_bound":-0.03593568387400128,"upper_bound":-0.004393475689318833},"point_estimate":-0.01809546703480691,"standard_error":0.008135974499225398},"median":{"confidence_interval":{"confidence_level":0.95,"lower_bound":0.00010468743703118122,"upper_bound":0.0006123306056595723},"point_estimate":0.00032828956547725774,"standard_error":0.00013131813006802645}}