{"mean":{"confidence_interval":{"confidence_level":0.95,"lower_bound":0.0036106162470509852,"upper_bound":0.011492795311967013},"point_estimate":0.0077536171822460975,"standard_error":0.002013775561240587},"median":{"confidence_interval":{"confidence_level":0.95,"lower_bound":0.004773365125169127,"upper_bound":0.015638890835106833},"point_estimate":0.010034406309919364,"standard_error":0.0029101993940245604}}