{"mean":{"confidence_interval":{"confidence_level":0.95,"lower_bound":-0.03343937180920734,"upper_bound":-0.015334681557438914},"point_estimate":-0.02460241437187005,"standard_error":0.004626792315382189},"median":{"confidence_interval":{"confidence_level":0.95,"lower_bound":-0.036091038039105405,"upper_bound":-0.016532582567990395},"point_estimate":-0.02773950539766412,"standard_error":0.005479877261679619}}