{"mean":{"confidence_interval":{"confidence_level":0.95,"lower_bound":-0.006002599016931599,"upper_bound":-0.0013204083502099833},"point_estimate":-0.003324500599839353,"standard_error":0.0012047174256902189},"median":{"confidence_interval":{"confidence_level":0.95,"lower_bound":-0.0006228630134096358,"upper_bound":-0.00005147417814099775},"point_estimate":-0.00036146491363819866,"standard_error":0.00014558806386549464}}