{"mean":{"confidence_interval":{"confidence_level":0.95,"lower_bound":0.005075175557262841,"upper_bound":0.01766242477010982},"point_estimate":0.011371385838842896,"standard_error":0.0031416681705180626},"median":{"confidence_interval":{"confidence_level":0.95,"lower_bound":0.0011558910779982945,"upper_bound":0.008014084137514477},"point_estimate":0.005620451095966317,"standard_error":0.0019442286308035035}}