{"mean":{"confidence_interval":{"confidence_level":0.95,"lower_bound":0.04418839989408026,"upper_bound":0.04668441076751235},"point_estimate":0.04534882643276439,"standard_error":0.0006350934352736755},"median":{"confidence_interval":{"confidence_level":0.95,"lower_bound":0.04505976785171639,"upper_bound":0.04592154552437422},"point_estimate":0.04542336589563223,"standard_error":0.00021237811987232435}}