{"mean":{"confidence_interval":{"confidence_level":0.95,"lower_bound":0.020690537127693982,"upper_bound":0.03377298267547791},"point_estimate":0.027529243117699442,"standard_error":0.003360882425703098},"median":{"confidence_interval":{"confidence_level":0.95,"lower_bound":0.012184769960758679,"upper_bound":0.033233019256670326},"point_estimate":0.018730581194930984,"standard_error":0.00524640781597783}}