{"mean":{"confidence_interval":{"confidence_level":0.95,"lower_bound":-0.0025272254064356674,"upper_bound":0.0012475871660934444},"point_estimate":-0.0004257096105118041,"standard_error":0.0009644826060451322},"median":{"confidence_interval":{"confidence_level":0.95,"lower_bound":-0.00005483954897089749,"upper_bound":0.0005569030831735377},"point_estimate":0.00027644080116306924,"standard_error":0.00016190831339284092}}