{"mean":{"confidence_interval":{"confidence_level":0.95,"lower_bound":-0.0015068822767086555,"upper_bound":0.0016737027283826797},"point_estimate":0.00030449658923537015,"standard_error":0.0008215200612197044},"median":{"confidence_interval":{"confidence_level":0.95,"lower_bound":0.0014549966179129292,"upper_bound":0.00218174507724056},"point_estimate":0.0018142692671443417,"standard_error":0.00017952215607395386}}