{"mean":{"confidence_interval":{"confidence_level":0.95,"lower_bound":0.005320902589030169,"upper_bound":0.010715185857868103},"point_estimate":0.007852088308404115,"standard_error":0.0013664197398504723},"median":{"confidence_interval":{"confidence_level":0.95,"lower_bound":0.0028559576014746124,"upper_bound":0.007673795422143304},"point_estimate":0.005223165267192353,"standard_error":0.0012015450556821059}}