{"mean":{"confidence_interval":{"confidence_level":0.95,"lower_bound":0.002297129859421315,"upper_bound":0.0037570840644786272},"point_estimate":0.0030809786021632757,"standard_error":0.00037113044645939295},"median":{"confidence_interval":{"confidence_level":0.95,"lower_bound":0.003129831508288383,"upper_bound":0.004048917969626513},"point_estimate":0.0035976356541069787,"standard_error":0.0002286616595726951}}