{"mean":{"confidence_interval":{"confidence_level":0.95,"lower_bound":-0.0027822919374341335,"upper_bound":0.0007662282857096169},"point_estimate":-0.0009672670502137715,"standard_error":0.0009089818581501762},"median":{"confidence_interval":{"confidence_level":0.95,"lower_bound":-0.0030122779152663703,"upper_bound":0.0001733917734636492},"point_estimate":-0.0014975717099056096,"standard_error":0.0007752828207111762}}