{"mean":{"confidence_interval":{"confidence_level":0.95,"lower_bound":-0.0037541591292447243,"upper_bound":0.0010800188700519227},"point_estimate":-0.0010551597020743708,"standard_error":0.0012434095221597334},"median":{"confidence_interval":{"confidence_level":0.95,"lower_bound":0.000961068110854985,"upper_bound":0.0016216523941355032},"point_estimate":0.001298298194551517,"standard_error":0.00016597239705780606}}