{"mean":{"confidence_interval":{"confidence_level":0.95,"lower_bound":1225.2536322122717,"upper_bound":1267.9179439402942},"point_estimate":1244.170718969745,"standard_error":11.036147104136706},"median":{"confidence_interval":{"confidence_level":0.95,"lower_bound":1212.6428344573922,"upper_bound":1215.3125557040999},"point_estimate":1214.0114749501495,"standard_error":0.7119922295085015},"median_abs_dev":{"confidence_interval":{"confidence_level":0.95,"lower_bound":4.939994544259425,"upper_bound":11.32501310640809},"point_estimate":7.557412749469708,"standard_error":1.5570467122999854},"slope":{"confidence_interval":{"confidence_level":0.95,"lower_bound":1223.4171510163037,"upper_bound":1254.0655862023566},"point_estimate":1236.3336502294874,"standard_error":7.874877180250908},"std_dev":{"confidence_interval":{"confidence_level":0.95,"lower_bound":44.427067257420255,"upper_bound":159.37651388243054},"point_estimate":111.09436092851767,"standard_error":28.98745378880413}}