{"mean":{"confidence_interval":{"confidence_level":0.95,"lower_bound":-0.01389993886013418,"upper_bound":-0.00896807089533054},"point_estimate":-0.011249035644531613,"standard_error":0.0012490762416021857},"median":{"confidence_interval":{"confidence_level":0.95,"lower_bound":-0.011304613805368402,"upper_bound":-0.009828755558567104},"point_estimate":-0.01045861127147829,"standard_error":0.0003386919228543064}}