{"mean":{"confidence_interval":{"confidence_level":0.95,"lower_bound":-0.0016831404223207973,"upper_bound":0.002548842374515808},"point_estimate":0.0002724405681562292,"standard_error":0.001086795677839428},"median":{"confidence_interval":{"confidence_level":0.95,"lower_bound":-0.002401447033148152,"upper_bound":-0.0016963060526098417},"point_estimate":-0.0020109342918491757,"standard_error":0.00018764011376371038}}