{"mean":{"confidence_interval":{"confidence_level":0.95,"lower_bound":0.019040477768053055,"upper_bound":0.021931015931918135},"point_estimate":0.02057425208802721,"standard_error":0.0007390743741957758},"median":{"confidence_interval":{"confidence_level":0.95,"lower_bound":0.021386568508468873,"upper_bound":0.022818980640022992},"point_estimate":0.021980894248634364,"standard_error":0.0003776834182582422}}