{"mean":{"confidence_interval":{"confidence_level":0.95,"lower_bound":-0.0634309929313131,"upper_bound":-0.030631941334887336},"point_estimate":-0.04590060821560826,"standard_error":0.008421032979354816},"median":{"confidence_interval":{"confidence_level":0.95,"lower_bound":-0.018824378036243483,"upper_bound":-0.011574931084177509},"point_estimate":-0.015601918822249705,"standard_error":0.0017456462019071809}}