{"mean":{"confidence_interval":{"confidence_level":0.95,"lower_bound":-0.012887058925325094,"upper_bound":-0.007208375818609431},"point_estimate":-0.009907407636968402,"standard_error":0.001448764687041807},"median":{"confidence_interval":{"confidence_level":0.95,"lower_bound":-0.010658872521329799,"upper_bound":-0.006936203831160115},"point_estimate":-0.009385208576577986,"standard_error":0.0009368471945003142}}