{"mean":{"confidence_interval":{"confidence_level":0.95,"lower_bound":-0.00044611052030800165,"upper_bound":0.0030574502185412296},"point_estimate":0.0012788484097299158,"standard_error":0.0009023074274988579},"median":{"confidence_interval":{"confidence_level":0.95,"lower_bound":-0.0007774248457030897,"upper_bound":0.00045544178042589145},"point_estimate":-0.00025739174212235927,"standard_error":0.0003237762221525808}}