{"mean":{"confidence_interval":{"confidence_level":0.95,"lower_bound":-0.034801424545189245,"upper_bound":-0.032974430059429884},"point_estimate":-0.03378645812359782,"standard_error":0.00046722342464151787},"median":{"confidence_interval":{"confidence_level":0.95,"lower_bound":-0.03317753169392679,"upper_bound":-0.03253863514084887},"point_estimate":-0.032803943222008414,"standard_error":0.0001554344818448404}}