{"mean":{"confidence_interval":{"confidence_level":0.95,"lower_bound":0.03455627753496583,"upper_bound":0.04189774660762377},"point_estimate":0.037463967708067036,"standard_error":0.0018957254602795265},"median":{"confidence_interval":{"confidence_level":0.95,"lower_bound":0.03576089203876065,"upper_bound":0.03659076238689485},"point_estimate":0.03625104709374716,"standard_error":0.0002166936061746407}}