{"mean":{"confidence_interval":{"confidence_level":0.95,"lower_bound":-0.0051948206560949554,"upper_bound":0.003638749337849073},"point_estimate":-0.00025604072913310016,"standard_error":0.002270827632751019},"median":{"confidence_interval":{"confidence_level":0.95,"lower_bound":0.004820503827467126,"upper_bound":0.006208787463904963},"point_estimate":0.005621587947392648,"standard_error":0.00037161520125993585}}