{"mean":{"confidence_interval":{"confidence_level":0.95,"lower_bound":-0.0024191920785548516,"upper_bound":-0.00018154112731384207},"point_estimate":-0.0012027689454843227,"standard_error":0.0005756173026697006},"median":{"confidence_interval":{"confidence_level":0.95,"lower_bound":-0.0001307979559029837,"upper_bound":0.00030516106678568633},"point_estimate":0.00008491460970283526,"standard_error":0.00011503093265728527}}