{"mean":{"confidence_interval":{"confidence_level":0.95,"lower_bound":-0.008590123993781307,"upper_bound":-0.004506024078517447},"point_estimate":-0.006719541529687012,"standard_error":0.0010450496998971482},"median":{"confidence_interval":{"confidence_level":0.95,"lower_bound":-0.007055307752417472,"upper_bound":-0.0051742553737453845},"point_estimate":-0.006040910240873942,"standard_error":0.00047061003885101756}}