{"mean":{"confidence_interval":{"confidence_level":0.95,"lower_bound":-0.023402830120550503,"upper_bound":-0.017552066499459014},"point_estimate":-0.020170029850388294,"standard_error":0.0015042447582220917},"median":{"confidence_interval":{"confidence_level":0.95,"lower_bound":-0.017808968877074505,"upper_bound":-0.015993810009533926},"point_estimate":-0.017200537731273613,"standard_error":0.00047072431715792915}}