{"mean":{"confidence_interval":{"confidence_level":0.95,"lower_bound":-0.004503006746478783,"upper_bound":0.0022314103319532983},"point_estimate":-0.0011198119236095483,"standard_error":0.001720891842274039},"median":{"confidence_interval":{"confidence_level":0.95,"lower_bound":-0.004875369138244712,"upper_bound":0.0010841325261987376},"point_estimate":-0.0017630042138476743,"standard_error":0.001501109532805603}}