{"mean":{"confidence_interval":{"confidence_level":0.95,"lower_bound":0.025619824359446725,"upper_bound":0.03414721742030072},"point_estimate":0.029806462999654615,"standard_error":0.0021772540548910518},"median":{"confidence_interval":{"confidence_level":0.95,"lower_bound":0.022155315378598717,"upper_bound":0.05028046526291052},"point_estimate":0.028496923025151277,"standard_error":0.005161886937036308}}